run_id,date,input,variant_slug,label,mask_style,max_side,num_inference_steps,dtype,vae_dtype,cpu_offload,alpha_threshold,guidance_scale,status,runtime_sec,run_dir,result_path,mask_path,compare_path,notes,git_commit
20260320_213033_car-palette-team-style-2k_balanced_s256_n2_bf16,2026-03-20T21:30:33,car-palette-team-style-2k.png,balanced_s256_n2,Balanced / 256 / 2 steps,balanced,256,2,bfloat16,auto,False,,1.0,success,81.44,experiments/runs/20260320_213033_car-palette-team-style-2k_balanced_s256_n2_bf16,experiments/runs/20260320_213033_car-palette-team-style-2k_balanced_s256_n2_bf16/result.rmbg.png,experiments/runs/20260320_213033_car-palette-team-style-2k_balanced_s256_n2_bf16/result.mask.png,experiments/by-input/car-palette-team-style-2k.compare.png,Safe anti-jaggy baseline.,eae9d95
20260320_213155_car-palette-team-style-2k_balanced_s256_n4_bf16,2026-03-20T21:31:55,car-palette-team-style-2k.png,balanced_s256_n4,Balanced / 256 / 4 steps,balanced,256,4,bfloat16,auto,False,,1.0,success,99.63,experiments/runs/20260320_213155_car-palette-team-style-2k_balanced_s256_n4_bf16,experiments/runs/20260320_213155_car-palette-team-style-2k_balanced_s256_n4_bf16/result.rmbg.png,experiments/runs/20260320_213155_car-palette-team-style-2k_balanced_s256_n4_bf16/result.mask.png,experiments/by-input/car-palette-team-style-2k.compare.png,Primary quality candidate on this 6GB GPU.,eae9d95
20260320_213334_car-palette-team-style-2k_balanced_s320_n2_bf16,2026-03-20T21:33:34,car-palette-team-style-2k.png,balanced_s320_n2,Balanced / 320 / 2 steps,balanced,320,2,bfloat16,auto,False,,1.0,success,89.68,experiments/runs/20260320_213334_car-palette-team-style-2k_balanced_s320_n2_bf16,experiments/runs/20260320_213334_car-palette-team-style-2k_balanced_s320_n2_bf16/result.rmbg.png,experiments/runs/20260320_213334_car-palette-team-style-2k_balanced_s320_n2_bf16/result.mask.png,experiments/by-input/car-palette-team-style-2k.compare.png,Higher mask resolution at a moderate runtime cost.,eae9d95
20260320_213504_car-palette-team-style-2k_balanced_s320_n4_bf16,2026-03-20T21:35:04,car-palette-team-style-2k.png,balanced_s320_n4,Balanced / 320 / 4 steps,balanced,320,4,bfloat16,auto,False,,1.0,success,115.06,experiments/runs/20260320_213504_car-palette-team-style-2k_balanced_s320_n4_bf16,experiments/runs/20260320_213504_car-palette-team-style-2k_balanced_s320_n4_bf16/result.rmbg.png,experiments/runs/20260320_213504_car-palette-team-style-2k_balanced_s320_n4_bf16/result.mask.png,experiments/by-input/car-palette-team-style-2k.compare.png,Stretch target for better edges if VRAM holds.,eae9d95
20260320_213659_car-palette-team-style-2k_soft_s256_n4_bf16,2026-03-20T21:36:59,car-palette-team-style-2k.png,soft_s256_n4,Soft / 256 / 4 steps,soft,256,4,bfloat16,auto,False,,1.0,success,97.97,experiments/runs/20260320_213659_car-palette-team-style-2k_soft_s256_n4_bf16,experiments/runs/20260320_213659_car-palette-team-style-2k_soft_s256_n4_bf16/result.rmbg.png,experiments/runs/20260320_213659_car-palette-team-style-2k_soft_s256_n4_bf16/result.mask.png,experiments/by-input/car-palette-team-style-2k.compare.png,Smoothest edge reference; watch for halos.,eae9d95
20260320_213837_car-palette-team-style-2k_hard_s256_n4_t128_bf16,2026-03-20T21:38:37,car-palette-team-style-2k.png,hard_s256_n4_t128,Hard / 256 / 4 steps / thr128,hard,256,4,bfloat16,auto,False,128,1.0,success,97.97,experiments/runs/20260320_213837_car-palette-team-style-2k_hard_s256_n4_t128_bf16,experiments/runs/20260320_213837_car-palette-team-style-2k_hard_s256_n4_t128_bf16/result.rmbg.png,experiments/runs/20260320_213837_car-palette-team-style-2k_hard_s256_n4_t128_bf16/result.mask.png,experiments/by-input/car-palette-team-style-2k.compare.png,Crisp reference; likely to show staircase artifacts.,eae9d95
20260320_214015_delpmaspu-2k_balanced_s256_n2_bf16,2026-03-20T21:40:15,delpmaspu-2k.png,balanced_s256_n2,Balanced / 256 / 2 steps,balanced,256,2,bfloat16,auto,False,,1.0,success,80.26,experiments/runs/20260320_214015_delpmaspu-2k_balanced_s256_n2_bf16,experiments/runs/20260320_214015_delpmaspu-2k_balanced_s256_n2_bf16/result.rmbg.png,experiments/runs/20260320_214015_delpmaspu-2k_balanced_s256_n2_bf16/result.mask.png,experiments/by-input/delpmaspu-2k.compare.png,Safe anti-jaggy baseline.,eae9d95
20260320_214135_delpmaspu-2k_balanced_s256_n4_bf16,2026-03-20T21:41:35,delpmaspu-2k.png,balanced_s256_n4,Balanced / 256 / 4 steps,balanced,256,4,bfloat16,auto,False,,1.0,success,97.09,experiments/runs/20260320_214135_delpmaspu-2k_balanced_s256_n4_bf16,experiments/runs/20260320_214135_delpmaspu-2k_balanced_s256_n4_bf16/result.rmbg.png,experiments/runs/20260320_214135_delpmaspu-2k_balanced_s256_n4_bf16/result.mask.png,experiments/by-input/delpmaspu-2k.compare.png,Primary quality candidate on this 6GB GPU.,eae9d95
20260320_214312_delpmaspu-2k_balanced_s320_n2_bf16,2026-03-20T21:43:12,delpmaspu-2k.png,balanced_s320_n2,Balanced / 320 / 2 steps,balanced,320,2,bfloat16,auto,False,,1.0,success,89.8,experiments/runs/20260320_214312_delpmaspu-2k_balanced_s320_n2_bf16,experiments/runs/20260320_214312_delpmaspu-2k_balanced_s320_n2_bf16/result.rmbg.png,experiments/runs/20260320_214312_delpmaspu-2k_balanced_s320_n2_bf16/result.mask.png,experiments/by-input/delpmaspu-2k.compare.png,Higher mask resolution at a moderate runtime cost.,eae9d95
20260320_214442_delpmaspu-2k_balanced_s320_n4_bf16,2026-03-20T21:44:42,delpmaspu-2k.png,balanced_s320_n4,Balanced / 320 / 4 steps,balanced,320,4,bfloat16,auto,False,,1.0,success,115.64,experiments/runs/20260320_214442_delpmaspu-2k_balanced_s320_n4_bf16,experiments/runs/20260320_214442_delpmaspu-2k_balanced_s320_n4_bf16/result.rmbg.png,experiments/runs/20260320_214442_delpmaspu-2k_balanced_s320_n4_bf16/result.mask.png,experiments/by-input/delpmaspu-2k.compare.png,Stretch target for better edges if VRAM holds.,eae9d95
20260320_214638_delpmaspu-2k_soft_s256_n4_bf16,2026-03-20T21:46:38,delpmaspu-2k.png,soft_s256_n4,Soft / 256 / 4 steps,soft,256,4,bfloat16,auto,False,,1.0,success,98.16,experiments/runs/20260320_214638_delpmaspu-2k_soft_s256_n4_bf16,experiments/runs/20260320_214638_delpmaspu-2k_soft_s256_n4_bf16/result.rmbg.png,experiments/runs/20260320_214638_delpmaspu-2k_soft_s256_n4_bf16/result.mask.png,experiments/by-input/delpmaspu-2k.compare.png,Smoothest edge reference; watch for halos.,eae9d95
20260320_214816_delpmaspu-2k_hard_s256_n4_t128_bf16,2026-03-20T21:48:16,delpmaspu-2k.png,hard_s256_n4_t128,Hard / 256 / 4 steps / thr128,hard,256,4,bfloat16,auto,False,128,1.0,success,98.06,experiments/runs/20260320_214816_delpmaspu-2k_hard_s256_n4_t128_bf16,experiments/runs/20260320_214816_delpmaspu-2k_hard_s256_n4_t128_bf16/result.rmbg.png,experiments/runs/20260320_214816_delpmaspu-2k_hard_s256_n4_t128_bf16/result.mask.png,experiments/by-input/delpmaspu-2k.compare.png,Crisp reference; likely to show staircase artifacts.,eae9d95
20260320_214954_grok-image-square_balanced_s256_n2_bf16,2026-03-20T21:49:54,grok-image-square.png,balanced_s256_n2,Balanced / 256 / 2 steps,balanced,256,2,bfloat16,auto,False,,1.0,success,90.32,experiments/runs/20260320_214954_grok-image-square_balanced_s256_n2_bf16,experiments/runs/20260320_214954_grok-image-square_balanced_s256_n2_bf16/result.rmbg.png,experiments/runs/20260320_214954_grok-image-square_balanced_s256_n2_bf16/result.mask.png,experiments/by-input/grok-image-square.compare.png,Safe anti-jaggy baseline.,eae9d95
20260320_215124_grok-image-square_balanced_s256_n4_bf16,2026-03-20T21:51:24,grok-image-square.png,balanced_s256_n4,Balanced / 256 / 4 steps,balanced,256,4,bfloat16,auto,False,,1.0,success,116.31,experiments/runs/20260320_215124_grok-image-square_balanced_s256_n4_bf16,experiments/runs/20260320_215124_grok-image-square_balanced_s256_n4_bf16/result.rmbg.png,experiments/runs/20260320_215124_grok-image-square_balanced_s256_n4_bf16/result.mask.png,experiments/by-input/grok-image-square.compare.png,Primary quality candidate on this 6GB GPU.,eae9d95
20260320_215321_grok-image-square_balanced_s320_n2_bf16,2026-03-20T21:53:21,grok-image-square.png,balanced_s320_n2,Balanced / 320 / 2 steps,balanced,320,2,bfloat16,auto,False,,1.0,success,107.15,experiments/runs/20260320_215321_grok-image-square_balanced_s320_n2_bf16,experiments/runs/20260320_215321_grok-image-square_balanced_s320_n2_bf16/result.rmbg.png,experiments/runs/20260320_215321_grok-image-square_balanced_s320_n2_bf16/result.mask.png,experiments/by-input/grok-image-square.compare.png,Higher mask resolution at a moderate runtime cost.,eae9d95
20260320_215508_grok-image-square_balanced_s320_n4_bf16,2026-03-20T21:55:08,grok-image-square.png,balanced_s320_n4,Balanced / 320 / 4 steps,balanced,320,4,bfloat16,auto,False,,1.0,success,144.43,experiments/runs/20260320_215508_grok-image-square_balanced_s320_n4_bf16,experiments/runs/20260320_215508_grok-image-square_balanced_s320_n4_bf16/result.rmbg.png,experiments/runs/20260320_215508_grok-image-square_balanced_s320_n4_bf16/result.mask.png,experiments/by-input/grok-image-square.compare.png,Stretch target for better edges if VRAM holds.,eae9d95
20260320_215732_grok-image-square_soft_s256_n4_bf16,2026-03-20T21:57:32,grok-image-square.png,soft_s256_n4,Soft / 256 / 4 steps,soft,256,4,bfloat16,auto,False,,1.0,success,118.23,experiments/runs/20260320_215732_grok-image-square_soft_s256_n4_bf16,experiments/runs/20260320_215732_grok-image-square_soft_s256_n4_bf16/result.rmbg.png,experiments/runs/20260320_215732_grok-image-square_soft_s256_n4_bf16/result.mask.png,experiments/by-input/grok-image-square.compare.png,Smoothest edge reference; watch for halos.,eae9d95
20260320_215931_grok-image-square_hard_s256_n4_t128_bf16,2026-03-20T21:59:31,grok-image-square.png,hard_s256_n4_t128,Hard / 256 / 4 steps / thr128,hard,256,4,bfloat16,auto,False,128,1.0,success,117.37,experiments/runs/20260320_215931_grok-image-square_hard_s256_n4_t128_bf16,experiments/runs/20260320_215931_grok-image-square_hard_s256_n4_t128_bf16/result.rmbg.png,experiments/runs/20260320_215931_grok-image-square_hard_s256_n4_t128_bf16/result.mask.png,experiments/by-input/grok-image-square.compare.png,Crisp reference; likely to show staircase artifacts.,eae9d95
20260320_220128_kling-generate-square_balanced_s256_n2_bf16,2026-03-20T22:01:28,kling-generate-square.png,balanced_s256_n2,Balanced / 256 / 2 steps,balanced,256,2,bfloat16,auto,False,,1.0,success,90.89,experiments/runs/20260320_220128_kling-generate-square_balanced_s256_n2_bf16,experiments/runs/20260320_220128_kling-generate-square_balanced_s256_n2_bf16/result.rmbg.png,experiments/runs/20260320_220128_kling-generate-square_balanced_s256_n2_bf16/result.mask.png,experiments/by-input/kling-generate-square.compare.png,Safe anti-jaggy baseline.,eae9d95
20260320_220259_kling-generate-square_balanced_s256_n4_bf16,2026-03-20T22:02:59,kling-generate-square.png,balanced_s256_n4,Balanced / 256 / 4 steps,balanced,256,4,bfloat16,auto,False,,1.0,success,117.36,experiments/runs/20260320_220259_kling-generate-square_balanced_s256_n4_bf16,experiments/runs/20260320_220259_kling-generate-square_balanced_s256_n4_bf16/result.rmbg.png,experiments/runs/20260320_220259_kling-generate-square_balanced_s256_n4_bf16/result.mask.png,experiments/by-input/kling-generate-square.compare.png,Primary quality candidate on this 6GB GPU.,eae9d95
20260320_224555_kling-generate-square_balanced_s320_n2_bf16,2026-03-20T22:45:55,kling-generate-square.png,balanced_s320_n2,Balanced / 320 / 2 steps,balanced,320,2,bfloat16,auto,False,,1.0,success,180.1,experiments/runs/20260320_224555_kling-generate-square_balanced_s320_n2_bf16,experiments/runs/20260320_224555_kling-generate-square_balanced_s320_n2_bf16/result.rmbg.png,experiments/runs/20260320_224555_kling-generate-square_balanced_s320_n2_bf16/result.mask.png,experiments/by-input/kling-generate-square.compare.png,Higher mask resolution at a moderate runtime cost.,eae9d95
20260320_224902_kling-generate-square_balanced_s320_n4_bf16,2026-03-20T22:49:02,kling-generate-square.png,balanced_s320_n4,Balanced / 320 / 4 steps,balanced,320,4,bfloat16,auto,False,,1.0,failed,11.62,experiments/runs/20260320_224902_kling-generate-square_balanced_s320_n4_bf16,experiments/runs/20260320_224902_kling-generate-square_balanced_s320_n4_bf16/result.rmbg.png,experiments/runs/20260320_224902_kling-generate-square_balanced_s320_n4_bf16/result.mask.png,experiments/by-input/kling-generate-square.compare.png,Stretch target for better edges if VRAM holds. Failure: MemoryError,eae9d95
20260320_225048_kling-generate-square_soft_s256_n4_bf16,2026-03-20T22:50:48,kling-generate-square.png,soft_s256_n4,Soft / 256 / 4 steps,soft,256,4,bfloat16,auto,False,,1.0,success,117.17,experiments/runs/20260320_225048_kling-generate-square_soft_s256_n4_bf16,experiments/runs/20260320_225048_kling-generate-square_soft_s256_n4_bf16/result.rmbg.png,experiments/runs/20260320_225048_kling-generate-square_soft_s256_n4_bf16/result.mask.png,experiments/by-input/kling-generate-square.compare.png,Smoothest edge reference; watch for halos.,eae9d95
20260320_225251_kling-generate-square_hard_s256_n4_t128_bf16,2026-03-20T22:52:51,kling-generate-square.png,hard_s256_n4_t128,Hard / 256 / 4 steps / thr128,hard,256,4,bfloat16,auto,False,128,1.0,success,114.61,experiments/runs/20260320_225251_kling-generate-square_hard_s256_n4_t128_bf16,experiments/runs/20260320_225251_kling-generate-square_hard_s256_n4_t128_bf16/result.rmbg.png,experiments/runs/20260320_225251_kling-generate-square_hard_s256_n4_t128_bf16/result.mask.png,experiments/by-input/kling-generate-square.compare.png,Crisp reference; likely to show staircase artifacts.,eae9d95
